path,filename,modified,size,sha256,root
.,"exportgbatree,v",2004-10-05 23:18:15,0.51KB,45cdf44bd5fc0049be9dd283ec3e426286af2f57114bdf94bd21d7916601bf21,filestore
.,"aliases,v",2004-11-18 11:43:54,4.31KB,f6107c196954dd08325308840c7ceb2a86853cd0aedc5095d62846b5a44f0667,filestore
.,"network.sh,v",2005-09-21 11:02:20,7.14KB,c0831e92906bcdb12b41ed69d7c8379ab5df690395c57d120532966663a60fdd,filestore
.,"httpd.conf,v",2005-09-27 16:04:01,35.09KB,a363e99d7b177ad5d0a4390510c22d99a380ae41a7d1199945b78d31adec0e91,filestore
.,"index.html,v",2004-10-05 23:13:50,0.69KB,924553aba820f622c7a86373dae27888a613b7656cb23a143cb151eedcc6c6c0,filestore
.,"exportbbtree,v",2004-10-05 23:18:15,0.5KB,d78db64ae8a92822151e9a76dd5211046169dbc6344daf2ad28f708cb2259f09,filestore
.,"exporttree,v",2004-10-05 23:12:57,0.69KB,c81fcf9c140ff90624ea9cb88b5bd9905feb8866287f3813286d00bfdcb8c991,filestore
.,"README,v",2004-10-12 22:02:30,1.32KB,8d3723a7e4615200a90c4ec3d2d3aa4a44f96daa10240b03638a653aa6647b0f,filestore
.,"sendmail.mc,v",2004-11-12 17:51:41,6.04KB,bdd0ce48026d12d67c26f1fc421ba41e812820ff3090bdd1b31ba9c1e85078fb,filestore
.,"exportbb2tree,v",2004-10-05 18:17:59,0.59KB,42649e7d4b4baec9c82ee3a1142621b7cc0206dd563bbbae055dd26062b4b030,filestore
.,"rsyncd.conf,v",2006-01-09 14:46:26,0.52KB,e7be4e4116990092a5385abbab2b4058f208480a37fbbb4df63752d5096de6cb,filestore
.,"syncmysql,v",2004-11-16 17:36:57,1.82KB,3daf22c6fd729e68eabe08797b30daae38d82be41786d99cd8aec375d37ecef8,filestore
.,"smb.conf,v",2005-10-10 13:12:37,11.43KB,ae80d5eb6a4eaa4f3d26f49612d4f66d3cb218546339c34194573bb054189e78,filestore
.,"exportngtree,v",2004-11-11 18:11:51,0.52KB,a54a306c6c025208070a044818cc79e1a4dbf0713d37adaf8fc513ad7e21caec,filestore
Attic,"db.routefree.net,v",2005-09-28 23:26:54,1.99KB,44548c666ceeada56dd2bfeb42eb2cc50ab00d0d89586c2f1205b8038cf80e2f,filestore
Attic,"db.10.0.0,v",2005-09-28 23:26:54,1.05KB,1203b90584fd197ca484dcc756ea3e7022a7662a9363f208fd467c8ad7ab6573,filestore
Attic,"db.172.16.10,v",2005-09-28 23:26:54,1.24KB,478317eaff4ddc1b2ff09d4c16e9b8e9e6f36e77356d123d1cac85d753b05b55,filestore
Attic,"db.routefree.com,v",2005-09-28 23:26:54,5.09KB,802cbd729b59102ac5282cce3ea75fedb180ac2b00ac5b8e279ff286c0328d58,filestore
Attic,"db.broadon.net,v",2005-09-28 23:26:54,1.38KB,0df56090a5ec80f159889576cc3ccacfd7856ba06b25e40c0768423d08ad2442,filestore
Attic,"db.bcc.broadon.com,v",2005-09-28 23:26:54,1.54KB,2e4a5def45f8b7b80cac69ee01fd56e6f765848acdc021e4f06ccbbc2051c821,filestore
Attic,"db.lab1.broadon.com,v",2005-09-28 23:26:54,1.48KB,fbaa404bafa4ca749b6d44fc775d2f4ebb4d6343924be9f35ef0b32f9baceee2,filestore
Attic,"db.routefree.org,v",2005-09-28 23:26:54,1.13KB,a30c9cc348e723d7186d0d00c758bc58d9f4f55cd0e7e9334bd5691e16f06384,filestore
Attic,"named.local,v",2005-09-28 23:26:54,0.95KB,5284dc2699bf651df23586ff00d9290c29f126e500213a97fa8acb1b5f836ba1,filestore
Attic,"db.exchdomain.routefree.com,v",2005-09-28 23:26:54,1.18KB,aa8e7d9fd35121db513ebb8f16f84d2ae1775e0b4ac1d43acc48ff2d91ef2223,filestore
Attic,"firewall.sh,v",2005-09-28 23:26:54,11.82KB,f01cda6288e97240ecb750376f20c1d43eb26f319accebb6eeb895626a7925f7,filestore
Attic,"named.ca,v",2005-09-28 23:26:54,3.21KB,bd031da2fa7cc7038be4b374806f59c68f9d443924b2008fb4b368f3820c1931,filestore
Attic,"db.broadon.org,v",2005-09-28 23:26:54,1.16KB,5ec40f74146a7d558e8b891de2ae7252a6b86ce6946f72c20d0f591caae7a469,filestore
Attic,"db.idc-beta.broadon.com,v",2005-09-28 23:26:54,1.79KB,332117c88de886801d8fde087b1f23ef9874414bb599377fb3857c5ee7c7a94e,filestore
Attic,"dhcpd.conf,v",2005-09-28 23:26:54,9.21KB,fa524bd3407d8350fe48faf213f6af7d13ca4e0c7f61a97990560f2d0f512f17,filestore
Attic,"static-routes,v",2005-09-28 23:26:54,1.3KB,286ab7b6c590491aaf93d2c482d24528a69837fbdf1a1822995b5a35932e1725,filestore
Attic,"db.prod.broadon.com,v",2005-09-28 23:26:54,1.55KB,aa2ff822f5f5c3de7bb060bd575cec6874c42aec714af520185d1e96d4846002,filestore
Attic,"db.broadon.com,v",2005-09-28 23:26:54,1.55KB,8efe5cdfcb2a95b632ab30ab23c9e9ab00e64b1ea40073488ff80ea2cb3dc40d,filestore
Attic,"db.172.16.0,v",2005-09-28 23:26:54,1.28KB,3246c8ec426d8cc6932777ffae14cff7462d635ac9833ab69faa7a16a885620b,filestore
Attic,"db.ems.broadon.com,v",2005-09-28 23:26:54,1.6KB,843ed1d77390ea3cbaf915c1608fa24da7580c493a7b72bf93a6445f8b04c179,filestore
Attic,"named.conf,v",2005-09-28 23:26:54,2.13KB,41451632672e23d75f5b97a1a0ee0dd8506727c0b90c7f7ccaaa56cd474e1b55,filestore
Attic,"db.broadon.acer.net,v",2005-09-28 23:26:54,1.46KB,075a5d1e9f100796e33a203617ec3ea26c55bfb5d33b177d6e06f09a850a8a13,filestore
Attic,"db.lab1.routefree.com,v",2005-09-28 23:26:54,1.83KB,0456735a26dfbb747f32aa9af2c3f2d5c1bfff31e39eaf3ec0477e5540112822,filestore
